,genus,family
0,g__[Eubacterium], f__Erysipelotrichaceae
1,g__[Prevotella], f__[Paraprevotellaceae]
2,g__[Ruminococcus], f__Lachnospiraceae
3,g__5-7N15, f__Bacteroidaceae
4,g__Abiotrophia, f__Aerococcaceae
5,g__Acidaminococcus, f__Veillonellaceae
6,g__Actinobacillus, f__Pasteurellaceae
7,g__Actinomyces, f__Actinomycetaceae
8,g__Adlercreutzia, f__Coriobacteriaceae
9,g__Aerococcus, f__Aerococcaceae
10,g__Aggregatibacter, f__Pasteurellaceae
11,g__Akkermansia, f__Verrucomicrobiaceae
12,g__Alistipes,
13,g__Alloscardovia, f__Bifidobacteriaceae
14,g__Anaerofilum, f__Ruminococcaceae
15,g__Anaerofustis, f__Eubacteriaceae
16,g__Anaerostipes, f__Lachnospiraceae
17,g__Anaerotruncus, f__Ruminococcaceae
18,g__Atopobium, f__Coriobacteriaceae
19,g__Bacillus, f__Bacillaceae
20,g__Bacteroides, f__Bacteroidaceae
21,g__Barnesiella,
22,g__Bifidobacterium, f__Bifidobacteriaceae
23,g__Bilophila, f__Desulfovibrionaceae
24,g__Blautia, f__Lachnospiraceae
25,g__Bulleidia, f__Erysipelotrichaceae
26,g__Butyricicoccus,
27,g__Butyricimonas, f__[Odoribacteraceae]
28,g__Butyrivibrio, f__Lachnospiraceae
29,g__Campylobacter, f__Campylobacteraceae
30,g__Carnobacterium, f__Carnobacteriaceae
31,g__Catenibacterium, f__Erysipelotrichaceae
32,g__cc_115, f__Erysipelotrichaceae
33,g__CF231, f__[Paraprevotellaceae]
34,g__Christensenella, f__Christensenellaceae
35,g__Citrobacter, f__Enterobacteriaceae
36,g__Cloacibacillus, f__Synergistaceae
37,g__Clostridium, f__Clostridiaceae
38,g__Collinsella, f__Coriobacteriaceae
39,g__Comamonas, f__Comamonadaceae
40,g__Coprobacillus, f__Erysipelotrichaceae
41,g__Coprococcus, f__Lachnospiraceae
42,g__Dehalobacterium, f__Dehalobacteriaceae
43,g__Desulfovibrio, f__Desulfovibrionaceae
44,g__Dialister, f__Veillonellaceae
45,g__Dorea, f__Lachnospiraceae
46,g__Dysgonomonas, f__Porphyromonadaceae
47,g__Eggerthella, f__Coriobacteriaceae
48,g__Enterobacter, f__Enterobacteriaceae
49,g__Enterococcus, f__Enterococcaceae
50,g__Faecalibacterium, f__Ruminococcaceae
51,g__Finegoldia, f__[Tissierellaceae]
52,g__Fusobacterium, f__Fusobacteriaceae
53,g__Gardnerella, f__Bifidobacteriaceae
54,g__Gemmiger,
55,g__Granulicatella, f__Carnobacteriaceae
56,g__Haemophilus, f__Pasteurellaceae
57,g__Holdemania, f__Erysipelotrichaceae
58,g__Klebsiella, f__Enterobacteriaceae
59,g__Lachnobacterium, f__Lachnospiraceae
60,g__Lachnospira, f__Lachnospiraceae
61,g__Lactobacillus, f__Lactobacillaceae
62,g__Lactococcus, f__Streptococcaceae
63,g__Leptotrichia, f__Leptotrichiaceae
64,g__Leuconostoc, f__Leuconostocaceae
65,g__Megamonas, f__Veillonellaceae
66,g__Megasphaera, f__Veillonellaceae
67,g__Mitsuokella, f__Veillonellaceae
68,g__Mycoplasma, f__Mycoplasmataceae
69,g__Neisseria, f__Neisseriaceae
70,g__Odoribacter, f__[Odoribacteraceae]
71,g__Oribacterium, f__Lachnospiraceae
72,g__Oscillospira, f__Ruminococcaceae
73,g__Oxalobacter, f__Oxalobacteraceae
74,g__p-75-a5, f__Erysipelotrichaceae
75,g__Parabacteroides, f__Porphyromonadaceae
76,g__Paraprevotella, f__[Paraprevotellaceae]
77,g__Parvimonas, f__[Tissierellaceae]
78,g__Pediococcus, f__Lactobacillaceae
79,g__Peptococcus, f__Peptococcaceae
80,g__Peptoniphilus, f__[Tissierellaceae]
81,g__Peptostreptococcus, f__Peptostreptococcaceae
82,g__ph2, f__[Tissierellaceae]
83,g__Phascolarctobacterium, f__Veillonellaceae
84,g__Plesiomonas, f__Enterobacteriaceae
85,g__Porphyromonas, f__Porphyromonadaceae
86,g__Prevotella, f__Prevotellaceae
87,g__Proteus, f__Enterobacteriaceae
88,g__Pseudomonas, f__Pseudomonadaceae
89,g__Pseudoramibacter_Eubacterium, f__Eubacteriaceae
90,g__Pyramidobacter, f__Dethiosulfovibrionaceae
91,g__rc4-4, f__Peptococcaceae
92,g__RFN20, f__Erysipelotrichaceae
93,g__Roseburia, f__Lachnospiraceae
94,g__Rothia, f__Micrococcaceae
95,g__Ruminococcus, f__Ruminococcaceae
96,g__Selenomonas, f__Veillonellaceae
97,g__Serratia, f__Enterobacteriaceae
98,g__Shuttleworthia, f__Lachnospiraceae
99,g__Slackia, f__Coriobacteriaceae
100,g__SMB53, f__Clostridiaceae
101,g__Sneathia, f__Leptotrichiaceae
102,g__Streptococcus, f__Streptococcaceae
103,g__Succinatimonas,
104,g__Succiniclasticum, f__Veillonellaceae
105,g__Succinivibrio, f__Succinivibrionaceae
106,g__Sutterella, f__Alcaligenaceae
107,g__Synergistes, f__Synergistaceae
108,g__Trabulsiella, f__Enterobacteriaceae
109,g__Turicibacter, f__Turicibacteraceae
110,g__Veillonella, f__Veillonellaceae
111,g__Victivallis,
112,g__WAL_1855D, f__[Tissierellaceae]
113,g__Weissella, f__Leuconostocaceae
114,g__Synechococcus, f__Synechococcaceae
115,g__, f__Pelagibacteraceae
116,g__Mycobacterium, f__Mycobacteriaceae
117,g__Staphylococcus, f__Staphylococcaceae
118,g__Anoxybacillus, f__Bacillaceae
119,g__Rhizobium, f__Rhizobiaceae
120,g__Limnobacter, f__Comamonadaceae
121,g__Hyphomicrobium, f__Hyphomicrobiaceae
122,g__Chroococcidiopsis, f__Xenococcaceae
123,g__Pirellula, f__Pirellulaceae
124,g__Leptolyngbya, f__Pseudanabaenaceae
125,g__Phormidium, f__Phormidiaceae
126,g__Paenibacillus, f__Paenibacillaceae
127,g__Allobaculum, f__Erysipelotrichaceae
128,g__Delftia, f__Comamonadaceae
129,g__Sulfurimonas, f__Helicobacteraceae
130,g__Dyella, f__Xanthomonadaceae
131,g__Corynebacterium, f__Corynebacteriaceae
132,g__Pseudanabaena, f__Pseudanabaenaceae
133,g__Spirosoma, f__Cytophagaceae
134,g__Flavobacterium, f__Flavobacteriaceae
135,g__YRC22, f__[Paraprevotellaceae]
136,g__Gordonia, f__Gordoniaceae
137,g__pMC1A4, f__pMC1
138,g__Streptomyces, f__Streptomycetaceae
139,g__Gluconacetobacter, f__Enterobacteriaceae
140,g__Azospirillum, f__Rhodospirillaceae
141,g__SJA-88, f__Sediment-4
142,g__Novosphingobium, f__Sphingomonadaceae
143,g__Planctomyces, f__Planctomycetaceae
144,g__Steroidobacter, f__Sinobacteraceae
145,g__T78, f__Anaerolinaceae
146,g__Rubellimicrobium, f__Rhodobacteraceae
147,g__Planomicrobium, f__Planococcaceae
148,g__Shewanella, f__Shewanellaceae
149,g__Dechloromonas, f__Rhodocyclaceae
150,g__Acinetobacter, f__Moraxellaceae
151,g__Desulfotomaculum, f__Peptococcaceae
152,g__Robiginitalea, f__Flavobacteriaceae
153,g__Edaphobacter, f__Acidobacteriaceae
154,g__Pseudonocardia, f__Pseudonocardiaceae
155,g__Rhodoferax, f__Comamonadaceae
156,g__Methylotenera, f__Methylophilaceae
157,g__Arcobacter, f__Campylobacteraceae
158,g__Spirochaeta, f__Spirochaetaceae
159,g__Clostridiisalibacter, f__Clostridiaceae
160,g__Burkholderia, f__Burkholderiaceae
161,g__Balneimonas, f__Bradyrhizobiaceae
162,g__Niabella, f__Chitinophagaceae
163,g__Salmonella, f__Enterobacteriaceae
164,g__Nitrospira, f__Nitrospiraceae
165,g__Tenacibaculum, f__Flavobacteriaceae
166,g__Gemmata, f__Gemmataceae
167,g__Paludibacter, f__Porphyromonadaceae
168,g__Devosia, f__Hyphomicrobiaceae
169,g__Microbacterium, f__Microbacteriaceae
170,g__Longilinea, f__Anaerolinaceae
171,g__Actinocatenispora, f__Micromonosporaceae
172,g__Halanaerobium, f__Halanaerobiaceae
173,g__Actinomycetospora, f__Pseudonocardiaceae
174,g__Mariprofundus, f__Mariprofundaceae
175,g__Loktanella, f__Rhodobacteraceae
176,g__Cupriavidus, f__Oxalobacteraceae
177,g__Brevibacterium, f__Brevibacteriaceae
178,g__Stenotrophomonas, f__Xanthomonadaceae
179,g__Luteimonas, f__Xanthomonadaceae
180,g__Halorhabdus, f__Halobacteriaceae
181,g__Methanoculleus, f__Methanomicrobiaceae
182,g__Caldicoprobacter, f__Caldicoprobacteraceae
183,g__Sphingobium, f__Sphingomonadaceae
184,g__Octadecabacter, f__Rhodobacteraceae
185,g__TG5, f__Dethiosulfovibrionaceae
186,g__Desulfococcus, f__Desulfobacteraceae
187,g__Pelomonas, f__Comamonadaceae
188,g__Ruegeria, f__Rhodobacteraceae
189,g__DA101, f__[Chthoniobacteraceae]
190,g__Acidithiobacillus, f__Acidithiobacillaceae
191,g__Kaistobacter, f__Sphingomonadaceae
192,g__Capnocytophaga, f__Flavobacteriaceae
193,g__Limnohabitans, f__Comamonadaceae
194,g__PSB-M-3, f__Erysipelotrichaceae
195,g__Flavisolibacter, f__Chitinophagaceae
196,g__Leeuwenhoekiella, f__Flavobacteriaceae
197,g__Vagococcus, f__Enterococcaceae
198,g__Brevibacillus, f__Paenibacillaceae
199,g__Agrobacterium, f__Rhizobiaceae
200,g__Riemerella, f__[Weeksellaceae]
201,g__Pedobacter, f__Sphingobacteriaceae
202,g__Meiothermus, f__Thermaceae
203,g__Gloeobacter, f__Gloeobacteraceae
204,g__HB2-32-21, f__Alteromonadaceae
205,g__Geobacter, f__Geobacteraceae
206,g__Pseudoalteromonas, f__Pseudoalteromonadaceae
207,g__Bartonella, f__Bartonellaceae
208,g__Lawsonia, f__Desulfovibrionaceae
209,g__Erwinia, f__Enterobacteriaceae
210,g__Sphingomonas, f__Sphingomonadaceae
211,g__Kribbella, f__Nocardioidaceae
212,g__Achromobacter, f__Alcaligenaceae
213,g__Microbispora, f__Micrococcaceae
214,g__Salinibacter, f__Rhodothermaceae
215,g__Treponema, f__Spirochaetaceae
216,g__Candidatus Brocadia, f__Brocadiaceae
217,g__Candidatus Portiera, f__Halomonadaceae
218,g__Microcoleus, f__Phormidiaceae
219,g__Puniceicoccus, f__Puniceicoccaceae
220,g__Halomonas, f__Halomonadaceae
221,g__Inquilinus, f__Rhodospirillaceae
222,g__JG37-AG-70, f__Nitrospiraceae
223,g__Desulfosporosinus, f__Peptococcaceae
224,g__Candidatus Solibacter, f__Solibacteraceae
225,g__Bdellovibrio, f__Bdellovibrionaceae
226,g__Cyanothece, f__Cyanobacteriaceae
227,g__Actinoplanes, f__Micromonosporaceae
228,g__Oceanicaulis, f__Hyphomonadaceae
229,g__Hydrogenophaga, f__Comamonadaceae
230,g__Hymenobacter, f__Cytophagaceae
231,g__Dehalobacter_Syntrophobotulus, f__Peptococcaceae
232,g__Geobacillus, f__Bacillaceae
233,g__Thermicanus, f__[Thermicanaceae]
234,g__Marivita, f__Rhodobacteraceae
235,g__Haloarcula, f__Halobacteriaceae
236,g__Solibacillus, f__Planococcaceae
237,g__NP25, f__[Acidaminobacteraceae]
238,g__Fusibacter, f__[Acidaminobacteraceae]
239,g__Clavibacter, f__Microbacteriaceae
240,g__Tannerella, f__Porphyromonadaceae
241,g__Methanococcus, f__Methanococcaceae
242,g__Cetobacterium, f__Fusobacteriaceae
243,g__Viridibacillus, f__Planococcaceae
244,g__Ralstonia, f__Oxalobacteraceae
245,g__Symbiobacterium, f__Symbiobacteriaceae
246,g__Amphritea, f__Oceanospirillaceae
247,g__Dickeya, f__Enterobacteriaceae
248,g__Rhodoplanes, f__Hyphomicrobiaceae
249,g__Nitrosopumilus, f__Cenarchaeaceae
250,g__Tissierella_Soehngenia, f__[Tissierellaceae]
251,g__Frankia, f__Frankiaceae
252,g__Telmatospirillum, f__Rhodospirillaceae
253,g__Deinococcus, f__Deinococcaceae
254,g__Halothiobacillus, f__Halothiobacillaceae
255,g__Methanomassiliicoccus, f__[Methanomassiliicoccaceae]
256,g__Francisella, f__Francisellaceae
257,g__Sphaerisporangium, f__Streptosporangiaceae
258,g__Legionella, f__Legionellaceae
259,g__Cellvibrio, f__Alteromonadaceae
260,g__L7A_E11, f__Erysipelotrichaceae
261,g__Rhodobacter, f__Rhodobacteraceae
262,g__Marichromatium, f__Chromatiaceae
263,g__Crenothrix, f__Crenotrichaceae
264,g__Actinobaculum, f__Actinomycetaceae
265,g__Blvii28, f__Rikenellaceae
266,g__Chryseobacterium, f__[Weeksellaceae]
267,g__Sphingobacterium, f__Sphingobacteriaceae
268,g__Lyngbya, f__Oscillatoriaceae
269,g__Skermanella, f__Rhodospirillaceae
270,g__B-42, f__Trueperaceae
271,g__Afifella, f__Rhodobiaceae
272,g__Gallionella, f__Gallionellaceae
273,g__Sediminibacterium, f__Chitinophagaceae
274,g__Candidatus Blochmannia, f__Enterobacteriaceae
275,g__Sulfobacillus, f__Sulfobacillaceae
276,g__Acidovorax, f__Comamonadaceae
277,g__Thermosynechococcus, f__Acaryochloridaceae
278,g__Umboniibacter, f__Alteromonadaceae
279,g__Methanocorpusculum, f__Methanocorpusculaceae
280,g__Fimbriimonas, f__[Fimbriimonadaceae]
281,g__Thiothrix, f__Thiotrichaceae
282,g__Bacteriovorax, f__Bacteriovoracaceae
283,g__Polaribacter, f__Flavobacteriaceae
284,g__Blastomonas, f__Sphingomonadaceae
285,g__Emticicia, f__Cytophagaceae
286,g__Dermatophilus, f__Dermatophilaceae
287,g__Halorubrum, f__Halobacteriaceae
288,g__Syntrophobacter, f__Syntrophobacteraceae
289,g__Ochrobactrum, f__Brucellaceae
290,g__Leucobacter, f__Microbacteriaceae
291,g__Luteolibacter, f__Verrucomicrobiaceae
292,g__Propionicimonas, f__Nocardioidaceae
293,g__Cryobacterium, f__Microbacteriaceae
294,g__Cocleimonas, f__Thiotrichaceae
295,g__Helicobacter, f__Helicobacteraceae
296,g__Sphaerochaeta, f__Sphaerochaetaceae
297,g__Acholeplasma, f__Acholeplasmataceae
298,g__Pseudoxanthomonas, f__Xanthomonadaceae
299,g__Aliivibrio, f__Vibrionaceae
300,g__Candidatus Arthromitus, f__Clostridiaceae
301,g__Tepidimicrobium, f__[Tissierellaceae]
302,g__Nitratireductor, f__Phyllobacteriaceae
303,g__Gluconobacter, f__Acetobacteraceae
304,g__Bradyrhizobium, f__Bradyrhizobiaceae
305,g__Alcanivorax, f__Alcanivoracaceae
306,g__Candidatus Azobacteroides, f__Porphyromonadaceae
307,g__Janthinobacterium, f__Oxalobacteraceae
308,g__Dermacoccus, f__Dermacoccaceae
309,g__Marinobacter, f__Alteromonadaceae
310,g__Candidatus Methanoregula, f__Methanoregulaceae
311,g__HA73, f__Dethiosulfovibrionaceae
312,g__Propionivibrio, f__Rhodocyclaceae
313,g__Propionibacterium, f__Propionibacteriaceae
314,g__Thermomonas, f__Xanthomonadaceae
315,g__Amycolatopsis, f__Pseudonocardiaceae
316,g__Phenylobacterium, f__Caulobacteraceae
317,g__Nonomuraea, f__Streptosporangiaceae
318,g__Coprothermobacter, f__Thermodesulfobiaceae
319,g__Nevskia, f__Sinobacteraceae
320,g__Cardiobacterium, f__Cardiobacteriaceae
321,g__Brachybacterium, f__Dermabacteraceae
322,g__Syntrophus, f__Syntrophaceae
323,g__GOUTA19, f__[Thermodesulfovibrionaceae]
324,g__Balneola, f__[Balneolaceae]
325,g__Psychrilyobacter, f__Fusobacteriaceae
326,g__Sporanaerobacter, f__[Tissierellaceae]
327,g__Oleibacter, f__Oceanospirillaceae
328,g__Rhodanobacter, f__Xanthomonadaceae
329,g__Virgibacillus, f__Bacillaceae
330,g__Halorhodospira, f__Ectothiorhodospiraceae
331,g__Pontibacter, f__Cytophagaceae
332,g__Methanolobus, f__Methanosarcinaceae
333,g__Acetobacterium, f__Eubacteriaceae
334,g__Exiguobacterium, f__[Exiguobacteraceae]
335,g__Sarcina, f__Clostridiaceae
336,g__Epulopiscium, f__Lachnospiraceae
337,g__Candidatus Koribacter, f__Koribacteraceae
338,g__Salinibacterium, f__Microbacteriaceae
339,g__Providencia, f__Enterobacteriaceae
340,g__HB118, f__[Thermodesulfovibrionaceae]
341,g__Brevundimonas, f__Caulobacteraceae
342,g__SAGMEG-1, f__MSBL1
343,g__BF311, f__Bacteroidaceae
344,g__Paracoccus, f__Rhodobacteraceae
345,g__Methylibium, f__Comamonadaceae
346,g__Rubritalea, f__Verrucomicrobiaceae
347,g__Salinispora, f__Burkholderiaceae
348,g__Anaerococcus, f__[Tissierellaceae]
349,g__Psychrobacter, f__Moraxellaceae
350,g__Tepidimonas, f__Comamonadaceae
351,g__Glycomyces, f__Glycomycetaceae
352,g__Natronococcus, f__Halobacteriaceae
353,g__Moraxella, f__Moraxellaceae
354,g__Fluviicola, f__Cryomorphaceae
355,g__Gemella, f__Gemellaceae
356,g__Pelobacter, f__Pelobacteraceae
357,g__Zoogloea, f__Rhodocyclaceae
358,g__Rhodococcus, f__Nocardiaceae
359,g__Alteromonas, f__Alteromonadaceae
360,g__Pasteurella, f__Pasteurellaceae
361,g__Blattabacterium, f__Blattabacteriaceae
362,g__Shinella, f__Rhizobiaceae
363,g__Mycoplana, f__Caulobacteraceae
364,g__Phyllobacterium, f__Phyllobacteriaceae
365,g__Dokdonella, f__Xanthomonadaceae
366,g__LCP-6, f__[Thermodesulfovibrionaceae]
367,g__Candidatus Accumulibacter, f__Rhodocyclaceae
368,g__Photobacterium, f__Vibrionaceae
369,g__Nesterenkonia, f__Micrococcaceae
370,g__Plesiocystis, f__Nannocystaceae
371,g__Actinotalea, f__Cellulomonadaceae
372,g__Pseudobutyrivibrio, f__Lachnospiraceae
373,g__Ardenscatena, f__Ardenscatenaceae
374,g__Haliscomenobacter, f__Saprospiraceae
375,g__Microbulbifer, f__Alteromonadaceae
376,g__Thauera, f__Rhodocyclaceae
377,g__Actinomadura, f__Thermomonosporaceae
378,g__Roseiflexus, f__[Roseiflexaceae]
379,g__Euzebya, f__Euzebyaceae
380,g__Polynucleobacter, f__Oxalobacteraceae
381,g__Methanosarcina, f__Methanosarcinaceae
382,g__Chitinophaga, f__Chitinophagaceae
383,g__Candidatus Rhodoluna, f__Microbacteriaceae
384,g__HTCC, f__HTCC2188
385,g__Geothermobacterium, f__Thermodesulfobacteriaceae
386,g__Sorangium, f__Polyangiaceae
387,g__Gemmatimonas, f__Gemmatimonadaceae
388,g__Rhodovulum, f__Rhodobacteraceae
389,g__Truepera, f__Trueperaceae
390,g__Sphingopyxis, f__Sphingomonadaceae
391,g__Anaeroplasma, f__Anaeroplasmataceae
392,g__Ornithobacterium, f__[Weeksellaceae]
393,g__Lautropia, f__Burkholderiaceae
394,g__Dolichospermum, f__Nostocaceae
395,g__Syntrophomonas, f__Syntrophomonadaceae
396,g__WCHB1-05, f__Anaerolinaceae
397,g__Stygiolobus, f__Sulfolobaceae
398,g__Arthronema, f__Pseudanabaenaceae
399,g__Jeotgalicoccus, f__Staphylococcaceae
400,g__Nocardioides, f__Nocardioidaceae
401,g__Thermodesulfovibrio, f__[Thermodesulfovibrionaceae]
402,g__Georgenia, f__Bogoriellaceae
403,g__Geosporobacter_Thermotalea, f__Clostridiaceae
404,g__Variovorax, f__Comamonadaceae
405,g__Verrucomicrobium, f__Verrucomicrobiaceae
406,g__Aquicella, f__Coxiellaceae
407,g__Vibrio, f__Vibrionaceae
408,g__Chloroflexus, f__Chloroflexaceae
409,g__Haererehalobacter, f__Halomonadaceae
410,g__Streptacidiphilus, f__Streptomycetaceae
411,g__LCP-26, f__Caldithrixaceae
412,g__Thiobacillus, f__Hydrogenophilaceae
413,g__Anaerovorax, f__[Mogibacteriaceae]
414,g__Rubrobacter, f__Rubrobacteraceae
415,g__Halobacterium, f__Halobacteriaceae
416,g__Nocardia, f__Nocardiaceae
417,g__Xylella, f__Xanthomonadaceae
418,g__Trichococcus, f__Carnobacteriaceae
419,g__MSBL3, f__Verrucomicrobiaceae
420,g__MB11C04, f__Puniceicoccaceae
421,g__Sodalis, f__Enterobacteriaceae
422,g__Sulfuricurvum, f__Helicobacteraceae
423,g__Aeromicrobium, f__Nocardioidaceae
424,g__Pelosinus, f__Veillonellaceae
425,g__Iamia, f__Iamiaceae
426,g__Flexispira, f__Helicobacteraceae
427,g__Polaromonas, f__Comamonadaceae
428,g__Erythrobacter, f__Erythrobacteraceae
429,g__Natronincola_Anaerovirgula, f__Clostridiaceae
430,g__Arthrobacter, f__Micrococcaceae
431,g__Desulfomicrobium, f__Desulfomicrobiaceae
432,g__Hydrogenophilus, f__Rhodocyclaceae
433,g__Methylocaldum, f__Methylococcaceae
434,g__Cyanobacterium, f__Cyanobacteriaceae
435,g__Anabaena, f__Nostocaceae
436,g__Bryobacter, f__[Bryobacteraceae]
437,g__Nocardiopsis, f__Nocardiopsaceae
438,g__Rhodobaca, f__Rhodobacteraceae
439,g__Schwartzia, f__Veillonellaceae
440,g__Dietzia, f__Dietziaceae
441,g__Sporosarcina, f__Planococcaceae
442,g__Pseudoruegeria, f__Rhodobacteraceae
443,g__Halonotius, f__Halobacteriaceae
444,g__Saccharopolyspora, f__Pseudonocardiaceae
445,g__Anaeromyxobacter, f__Myxococcaceae
446,g__Lewinella, f__Saprospiraceae
447,g__Roseospira, f__Rhodospirillaceae
448,g__Anaerospora, f__Rhodobacteraceae
449,g__Bosea, f__Bradyrhizobiaceae
450,g__Allochromatium, f__Chromatiaceae
451,g__Opitutus, f__Opitutaceae
452,g__Sedimentibacter, f__[Tissierellaceae]
453,g__Paenisporosarcina, f__Planococcaceae
454,g__Pontibacillus, f__Bacillaceae
455,g__Nostoc, f__Nostocaceae
456,g__Desulfotalea, f__Desulfobulbaceae
457,g__Acetobacter, f__Acetobacteraceae
458,g__Rhodocytophaga, f__Cytophagaceae
459,g__Oxobacter, f__Clostridiaceae
460,g__Geothrix, f__Holophagaceae
461,g__Candidatus Glomeribacter, f__Burkholderiaceae
462,g__Yaniella, f__Yaniellaceae
463,g__Ethanoligenens, f__Ruminococcaceae
464,g__Azoarcus, f__Rhodocyclaceae
465,g__Methanocaldococcus, f__Methanocaldococcaceae
466,g__Muricauda, f__Flavobacteriaceae
467,g__Fervidobacterium, f__Thermotogaceae
468,g__Candidatus Endobugula, f__Alteromonadaceae
469,g__Borrelia, f__[Borreliaceae]
470,g__Rubrivivax, f__Comamonadaceae
471,g__Moritella, f__Moritellaceae
472,g__Halogeometricum, f__Halobacteriaceae
473,g__Tindallia_Anoxynatronum, f__Clostridiaceae
474,g__Nitrospina, f__Nitrospinaceae
475,g__Xanthomonas, f__Xanthomonadaceae
476,g__Rummeliibacillus, f__Planococcaceae
477,g__KSA1, f__[Balneolaceae]
478,g__Planktothrix, f__Phormidiaceae
479,g__Tetragenococcus, f__Enterococcaceae
480,g__Dyadobacter, f__Cytophagaceae
481,g__Zymomonas, f__Sphingomonadaceae
482,g__Verminephrobacter, f__Comamonadaceae
483,g__Salinimicrobium, f__Flavobacteriaceae
484,g__Frigoribacterium, f__Microbacteriaceae
485,g__Desulfotomaculum_Desulfovirgula, f__Peptococcaceae
486,g__Enhydrobacter, f__Moraxellaceae
487,g__Thermus, f__Thermaceae
488,g__Cryomorpha, f__Cryomorphaceae
489,g__Marinomonas, f__Oceanospirillaceae
490,g__Yersinia, f__Enterobacteriaceae
491,g__Nitrobacter, f__Bradyrhizobiaceae
492,g__Candidatus Phytoplasma, f__Acholeplasmataceae
493,g__Candidatus Nitrososphaera, f__Nitrososphaeraceae
494,g__Catonella, f__Lachnospiraceae
495,g__Sulfuritalea, f__Rhodocyclaceae
496,g__Dok59, f__Rhodocyclaceae
497,g__Gillisia, f__Flavobacteriaceae
498,g__Olleya, f__Flavobacteriaceae
499,g__Brachyspira, f__Brachyspiraceae
500,g__Crocinitomix, f__Cryomorphaceae
501,g__Methylobacterium, f__Methylobacteriaceae
502,g__Snowella, f__Gomphosphaeriaceae
503,g__Kingella, f__Neisseriaceae
504,g__Desulfovermiculus, f__Desulfohalobiaceae
505,g__XKL75, f__Halobacteriaceae
506,g__Leadbetterella, f__Cytophagaceae
507,g__C39, f__Rhodocyclaceae
508,g__Leptothrix, f__Comamonadaceae
509,g__Caldisphaera, f__Desulfurococcaceae
510,g__Methanobacterium, f__Methanobacteriaceae
511,g__Rivularia, f__Rivulariaceae
512,g__Desulfosarcina, f__Desulfobacteraceae
513,g__Roseivirga, f__Flammeovirgaceae
514,g__A17, f__Pirellulaceae
515,g__Ramlibacter, f__Comamonadaceae
516,g__Marinibacillus, f__Bacillaceae
517,g__Mogibacterium, f__[Mogibacteriaceae]
518,g__Mesorhizobium, f__Phyllobacteriaceae
519,g__Nitrincola, f__Oceanospirillaceae
520,g__Proteiniclasticum, f__Clostridiaceae
521,g__Alicyclobacillus, f__Alicyclobacillaceae
522,g__Oleispira, f__Oceanospirillaceae
523,g__Agrococcus, f__Microbacteriaceae
524,g__Desulfomonile, f__Syntrophaceae
525,g__Micrococcus, f__Micrococcaceae
526,g__Luteococcus, f__Propionibacteriaceae
527,g__Prosthecobacter, f__Verrucomicrobiaceae
528,g__Prochlorothrix, f__Pseudanabaenaceae
529,g__Fibrobacteres-2, f__Fibrobacteraceae
530,g__Alkaliphilus, f__Clostridiaceae
531,g__Prochlorococcus, f__Synechococcaceae
532,g__Pelotomaculum, f__Peptococcaceae
533,g__Xylanimicrobium, f__Promicromonosporaceae
534,g__Glaciecola, f__Alteromonadaceae
535,g__Larkinella, f__Cytophagaceae
536,g__Saccharothrix, f__Actinosynnemataceae
537,g__Pimelobacter, f__Nocardioidaceae
538,g__Hyphomonas, f__Hyphomonadaceae
539,g__Leucothrix, f__Thiotrichaceae
540,g__Rheinheimera, f__[Chromatiaceae]
541,g__Elusimicrobium, f__Elusimicrobiaceae
542,g__Moorella, f__Thermoanaerobacteraceae
543,g__SGUS912, f__[Amoebophilaceae]
544,g__Methanosaeta, f__Methanosaetaceae
545,g__Thermoanaerobacterium, f__Clostridiaceae
546,g__Leptospirillum, f__[Leptospirillaceae]
547,g__Desemzia, f__Carnobacteriaceae
548,g__Wolbachia, f__Rickettsiaceae
549,g__Caldicellulosiruptor, f__Caldicellulosiruptoraceae
550,g__Desulfobacter, f__Desulfobacteraceae
551,g__Acidaminobacter, f__[Acidaminobacteraceae]
552,g__WCHB1-84, f__Peptococcaceae
553,g__Sanguibacter, f__Sanguibacteraceae
554,g__vadinCA11, f__[Methanomassiliicoccaceae]
555,g__Candidatus Liberibacter, f__Rhizobiaceae
556,g__HTCC2207, f__Alteromonadaceae
557,g__DCE29, f__[Thermodesulfovibrionaceae]
558,g__Candidatus Xiphinematobacter, f__[Chthoniobacteraceae]
559,g__Haloterrigena, f__Halobacteriaceae
560,g__Promicromonospora, f__Promicromonosporaceae
561,g__Nautilia, f__Nautiliaceae
562,g__Petrotoga, f__Thermotogaceae
563,g__Aequorivita, f__Flavobacteriaceae
564,g__Ehrlichia, f__Anaplasmataceae
565,g__Eikenella, f__Neisseriaceae
566,g__Armatimonas, f__Armatimonadaceae
567,g__Oceanimonas, f__Aeromonadaceae
568,g__Desulfurella, f__Desulfurellaceae
569,g__Lysinibacillus, f__Planococcaceae
570,g__Sulfurospirillum, f__Campylobacteraceae
571,g__Desulfurispora, f__Peptococcaceae
572,g__Catellatospora, f__Micromonosporaceae
573,g__Dehalogenimonas, f__Dehalococcoidaceae
574,g__ecb11, f__[Tissierellaceae]
575,g__Marinobacterium, f__Oceanospirillaceae
576,g__Rhodothermus, f__Rhodothermaceae
577,g__Kosmotoga, f__Thermotogaceae
578,g__Thermogymnomonas, f__Picrophilaceae
579,g__Halanaerobacter, f__Halobacteroidaceae
580,g__Ferrimicrobium, f__Acidimicrobiaceae
581,g__Persicirhabdus, f__Verrucomicrobiaceae
582,g__GW-34, f__[Tissierellaceae]
583,g__Sporotomaculum, f__Peptococcaceae
584,g__Thiofaba, f__Halothiobacillaceae
585,g__Psychromonas, f__Psychromonadaceae
586,g__Tatlockia, f__Legionellaceae
587,g__Parvibaculum, f__Hyphomicrobiaceae
588,g__Azospira, f__Rhodocyclaceae
589,g__Mycetocola, f__Microbacteriaceae
590,g__Hylemonella, f__Comamonadaceae
591,g__Chondromyces, f__Polyangiaceae
592,g__Cellulomonas, f__Cellulomonadaceae
593,g__Caloranaerobacter, f__Clostridiaceae
594,g__Methylophaga, f__Piscirickettsiaceae
595,g__Asteroleplasma, f__Anaeroplasmataceae
596,g__Thermoanaerobacter, f__Thermoanaerobacteraceae
597,g__Caldanaerobacter, f__Thermoanaerobacteraceae
598,g__Ruminobacter, f__Succinivibrionaceae
599,g__Cloacibacterium, f__[Weeksellaceae]
600,g__Cohnella, f__Paenibacillaceae
601,g__Herminiimonas, f__Oxalobacteraceae
602,g__Haloferax, f__Halobacteriaceae
603,g__Anaerobacillus, f__Bacillaceae
604,g__Helcococcus, f__[Tissierellaceae]
605,g__Phycicoccus, f__Intrasporangiaceae
606,g__Kyrpidia, f__Alicyclobacillaceae
607,g__Symploca, f__Phormidiaceae
608,g__Thermotoga, f__Thermotogaceae
609,g__Schlegelella, f__Comamonadaceae
610,g__Halochromatium, f__Chromatiaceae
611,g__Geodermatophilus, f__Geodermatophilaceae
612,g__Diaphorobacter, f__Comamonadaceae
613,g__Curtobacterium, f__Microbacteriaceae
614,g__Rickettsiella, f__Coxiellaceae
615,g__Thermobaculum, f__[Thermobaculaceae]
616,g__Buchnera, f__Enterobacteriaceae
617,g__Congregibacter, f__OM60
618,g__Kushneria, f__Halomonadaceae
619,g__Arctic95A-2, f__A714017
620,g__Desulfocapsa, f__Desulfobulbaceae
621,g__Chlorobaculum, f__Chlorobiaceae
622,g__Agromyces, f__Microbacteriaceae
623,g__Magnetospirillum, f__Rhodospirillaceae
624,g__Leptospira, f__Leptospiraceae
625,g__Paucibacter, f__Comamonadaceae
626,g__vadinHB04, f__Veillonellaceae
627,g__Jonesia, f__Jonesiaceae
628,g__Serinicoccus, f__Intrasporangiaceae
629,g__Acidocella, f__Acetobacteraceae
630,g__Chromohalobacter, f__Halomonadaceae
631,g__Nodularia, f__Nostocaceae
632,g__Cellulosimicrobium, f__Promicromonosporaceae
633,g__Rikenella, f__Rikenellaceae
634,g__Nannocystis, f__Nannocystaceae
635,g__Candidatus Chloracidobacterium, f__[Chloracidobacteraceae]
636,g__Yonghaparkia, f__Microbacteriaceae
637,g__BD2-13, f__Alteromonadaceae
638,g__YNPFFP6, f__Sulfobacillaceae
639,g__Kaistia, f__Rhizobiaceae
640,g__Dethiobacter, f__Anaerobrancaceae
641,g__HMMVBeg-29, f__Methanosarcinaceae
642,g__Pseudoclavibacter, f__Microbacteriaceae
643,g__Ulvibacter, f__Flavobacteriaceae
644,g__Modestobacter, f__Geodermatophilaceae
645,g__Halomicronema, f__Pseudanabaenaceae
646,g__Halococcus, f__Halobacteriaceae
647,g__Desulfobacca, f__Syntrophaceae
648,g__B46, f__Thiotrichaceae
649,g__Caloramator, f__Clostridiaceae
650,g__Varibaculum, f__Actinomycetaceae
651,g__Winogradskyella, f__Flavobacteriaceae
652,g__Thermacetogenium, f__Thermoanaerobacteraceae
653,g__Anaerolinea, f__Anaerolinaceae
654,g__Gracilibacter, f__Gracilibacteraceae
655,g__Phaeospirillum, f__Rhodospirillaceae
656,g__Chromobacterium, f__Neisseriaceae
657,g__Roseomonas, f__Acetobacteraceae
658,g__Candidatus Protochlamydia, f__Parachlamydiaceae
659,g__Deferribacter, f__Deferribacteraceae
660,g__Vogesella, f__Neisseriaceae
661,g__Tepidibacter, f__Peptostreptococcaceae
662,g__Flexithrix, f__Flammeovirgaceae
663,g__Trichodesmium, f__Phormidiaceae
664,g__Z-35, f__Rhodocyclaceae
665,g__Amaricoccus, f__Rhodobacteraceae
666,g__Salinivibrio, f__Vibrionaceae
667,g__Gallicola, f__[Tissierellaceae]
668,g__Bizionia, f__Flavobacteriaceae
669,g__Maribacter, f__Flavobacteriaceae
670,g__Fulvivirga, f__Flammeovirgaceae
671,g__Reinekea, f__Saccharospirillaceae
672,g__C1_B004, f__Anaerolinaceae
673,g__Methanococcoides, f__Methanosarcinaceae
674,g__Uliginosibacterium, f__Rhodocyclaceae
675,g__Ferrimonas, f__Ferrimonadaceae
676,g__Xanthobacter, f__Xanthobacteraceae
677,g__Sporomusa, f__Veillonellaceae
678,g__Kocuria, f__Micrococcaceae
679,g__Friedmanniella, f__Nocardioidaceae
680,g__FFCH10602, f__Ktedonobacteraceae
681,g__Candidatus Scalindua, f__Brocadiaceae
682,g__Zobellia, f__Flavobacteriaceae
683,g__Terracoccus, f__Intrasporangiaceae
684,g__Anaerovibrio, f__Veillonellaceae
685,g__Thermoanaerovibrio, f__Synergistaceae
686,g__Marinicella, f__[Marinicellaceae]
687,g__Methanospirillum, f__Methanospirillaceae
688,g__SHD-231, f__Anaerolinaceae
689,g__Elizabethkingia, f__[Weeksellaceae]
690,g__Psychroflexus, f__Flavobacteriaceae
691,g__Terriglobus, f__Acidobacteriaceae
692,g__Phaeobacter, f__Rhodobacteraceae
693,g__Candidatus Neoehrlichia, f__Anaplasmataceae
694,g__Anabaenopsis, f__Nostocaceae
695,g__Aquabacterium, f__Comamonadaceae
696,g__Candidatus Amoebophilus, f__[Amoebophilaceae]
697,g__Kitasatospora, f__Streptomycetaceae
698,g__Salegentibacter, f__Flavobacteriaceae
699,g__Salinicoccus, f__Staphylococcaceae
700,g__Aminiphilus, f__Aminiphilaceae
701,g__Runella, f__Cytophagaceae
702,g__Coriobacterium, f__Coriobacteriaceae
703,g__Alkalibacterium, f__Aerococcaceae
704,g__Kutzneria, f__Actinosynnemataceae
705,g__Lentzea, f__Actinosynnemataceae
706,g__Lysobacter, f__Xanthomonadaceae
707,g__S1, f__Thermotogaceae
708,g__Erythromicrobium, f__Erythrobacteraceae
709,g__Myxococcus, f__Myxococcaceae
710,g__Simplicispira, f__Comamonadaceae
711,g__Wandonia, f__Cryomorphaceae
712,g__Natronobacillus, f__Bacillaceae
713,g__SGSH944, f__A714017
714,g__Desulforhopalus, f__Desulfobulbaceae
715,g__Moryella, f__Lachnospiraceae
716,g__Oceanisphaera, f__Aeromonadaceae
717,g__Avibacterium, f__Pasteurellaceae
718,g__Thiocapsa, f__Chromatiaceae
719,g__Hydrogenivirga, f__Aquificaceae
720,g__ZD0117, f__Alteromonadaceae
721,g__Adhaeribacter, f__Cytophagaceae
722,g__Thiorhodospira, f__Ectothiorhodospiraceae
723,g__Virgisporangium, f__Micromonosporaceae
724,g__BSV43, f__Veillonellaceae
725,g__Pigmentiphaga, f__Alcaligenaceae
726,g__Prochloron, f__Prochloraceae
727,g__Jiangella, f__Pseudonocardiaceae
728,g__Pseudochrobactrum, f__Brucellaceae
729,g__Scytonema, f__Scytonemataceae
730,g__Alloiococcus, f__Aerococcaceae
731,g__Candidatus Tremblaya, f__Tremblayaceae
732,g__Fibrobacter, f__Fibrobacteraceae
733,g__Nitrosovibrio, f__Nitrosomonadaceae
734,g__Methanocella, f__Methanocellaceae
735,g__Thalassomonas, f__Colwelliaceae
736,g__Sediminicola, f__Flavobacteriaceae
737,g__Anaplasma, f__Anaplasmataceae
738,g__Actinoalloteichus, f__Actinosynnemataceae
739,g__Pasteuria, f__Pasteuriaceae
740,g__BD2-6, f__[Thermodesulfovibrionaceae]
741,g__Methanopyrus, f__Methanopyraceae
742,g__Methylopila, f__Methylocystaceae
743,g__Calothrix, f__Rivulariaceae
744,g__Enterovibrio, f__Vibrionaceae
745,g__Demequina, f__Cellulomonadaceae
746,g__Actinopolyspora, f__Actinopolysporaceae
747,g__CF-26, f__Thiotrichaceae
748,g__Pseudidiomarina, f__Idiomarinaceae
749,g__WH1-8, f__[Acidaminobacteraceae]
750,g__Cryocola, f__Microbacteriaceae
751,g__Thalassospira, f__Kiloniellaceae
752,g__Jannaschia, f__Rhodobacteraceae
753,g__Metallosphaera, f__Sulfolobaceae
754,g__Hydrogenobaculum, f__Aquificaceae
755,g__Marinimicrobium, f__Alteromonadaceae
756,g__Segetibacter, f__Chitinophagaceae
757,g__Flectobacillus, f__Cytophagaceae
758,g__Candidatus Magnetoovum, f__[Thermodesulfovibrionaceae]
759,g__Haloquadratum, f__Halobacteriaceae
760,g__4-29, f__FW
761,g__Agarivorans, f__Alteromonadaceae
762,g__Prauserella, f__Pseudonocardiaceae
763,g__Thalassobius, f__Rhodobacteraceae
764,g__Facklamia, f__Aerococcaceae
765,g__Aminobacterium, f__Dethiosulfovibrionaceae
766,g__Nitrosococcus, f__Chromatiaceae
767,g__Roseivivax, f__Rhodobacteraceae
768,g__Idiomarina, f__Idiomarinaceae
769,g__Streptomonospora, f__Nocardiopsaceae
770,g__Williamsia, f__Williamsiaceae
771,g__Pedomicrobium, f__Hyphomicrobiaceae
772,g__Morganella, f__Enterobacteriaceae
773,g__za29, f__Spirochaetaceae
774,g__Halobaculum, f__Halobacteriaceae
775,g__KD1-23, f__Rhodocyclaceae
776,g__Cohaesibacter, f__Cohaesibacteraceae
777,g__Actinopolymorpha, f__Nocardioidaceae
778,g__Chelativorans, f__Phyllobacteriaceae
779,g__Candidatus Regiella, f__Enterobacteriaceae
780,g__Candidatus Hepatoplasma, f__Mycoplasmataceae
781,g__Oceanobacillus, f__Bacillaceae
782,g__Methanocalculus, f__Methanocorpusculaceae
783,g__Brenneria, f__Enterobacteriaceae
784,g__Ureibacillus, f__Planococcaceae
785,g__Azorhizophilus, f__Pseudomonadaceae
786,g__Dactylosporangium, f__Micromonosporaceae
787,g__Alishewanella, f__[Chromatiaceae]
788,g__Caldanaerocella, f__Clostridiaceae
789,g__Knoellia, f__Intrasporangiaceae
790,g__Chthoniobacter, f__[Chthoniobacteraceae]
791,g__Actinoallomurus, f__Thermomonosporaceae
792,g__Kordia, f__Flavobacteriaceae
793,g__Acaryochloris, f__Acaryochloridaceae
794,g__Salimicrobium, f__Bacillaceae
795,g__Azorhizobium, f__Xanthobacteraceae
796,g__Sporocytophaga, f__Cytophagaceae
797,g__Cylindrospermopsis, f__Nostocaceae
798,g__Garciella, f__Eubacteriaceae
799,g__Asticcacaulis, f__Caulobacteraceae
800,g__Myroides, f__Flavobacteriaceae
801,g__SargSea-WGS, f__A714017
802,g__Alkalibacillus, f__Bacillaceae
803,g__Kineococcus, f__Kineosporiaceae
804,g__Sporolactobacillus, f__Sporolactobacillaceae
805,g__Marinococcus, f__Bacillaceae
806,g__Kibdelosporangium, f__Actinosynnemataceae
807,g__Verrucosispora, f__Micromonosporaceae
808,g__GBI-58, f__Trueperaceae
809,g__CM44, f__Deinococcaceae
810,g__Microlunatus, f__Propionibacteriaceae
811,g__E8, f__Thiotrichaceae
812,g__Nautella, f__Rhodobacteraceae
813,g__Herbaspirillum, f__Oxalobacteraceae
814,g__Hydrocarboniphaga, f__Sinobacteraceae
815,g__Ellin506, f__[Chthoniobacteraceae]
816,g__Dermabacter, f__Dermabacteraceae
817,g__Pedosphaera, f__[Pedosphaeraceae]
818,g__Thioalkalivibrio, f__Ectothiorhodospiraceae
819,g__Aquimarina, f__Flavobacteriaceae
820,g__Caulobacter, f__Caulobacteraceae
821,g__Nisaea, f__Rhodospirillaceae
822,g__Acidiphilium, f__Acetobacteraceae
823,g__Ectothiorhodospira, f__Ectothiorhodospiraceae
824,g__Conchiformibius, f__Neisseriaceae
825,g__Perlucidibaca, f__Moraxellaceae
826,g__Chelonobacter, f__Pasteurellaceae
827,g__Tessaracoccus, f__Propionibacteriaceae
828,g__Methylosinus, f__Methylocystaceae
829,g__Candidatus Phlomobacter, f__Enterobacteriaceae
830,g__Candidatus Rhabdochlamydia, f__Rhabdochlamydiaceae
831,g__Methanoplanus, f__Methanomicrobiaceae
832,g__Gelidibacter, f__Flavobacteriaceae
833,g__Pullulanibacillus, f__Sporolactobacillaceae
834,g__Roseovarius, f__Rhodobacteraceae
835,g__1-68, f__[Tissierellaceae]
836,g__Thiovirga, f__Halothiobacillaceae
837,g__JTB248, f__Flammeovirgaceae
838,g__Rhodocyclus, f__Rhodocyclaceae
839,g__SC3-56, f__[Amoebophilaceae]
840,g__Curvibacter, f__Comamonadaceae
841,g__Piscirickettsia, f__Piscirickettsiaceae
842,g__RS62, f__Comamonadaceae
843,g__Cerasicoccus, f__[Cerasicoccaceae]
844,g__Rathayibacter, f__Microbacteriaceae
845,g__Thioalkalimicrobium, f__Piscirickettsiaceae
846,g__Photorhabdus, f__Enterobacteriaceae
847,g__Oscillatoria, f__Phormidiaceae
848,g__Flammeovirga, f__Flammeovirgaceae
849,g__Coraliomargarita, f__Puniceicoccaceae
850,g__Methanobrevibacter, f__Methanobacteriaceae
851,g__Spirulina, f__Spirulinaceae
852,g__AF12, f__Rikenellaceae
853,g__Reichenbachiella, f__Flammeovirgaceae
854,g__Saprospira, f__Saprospiraceae
855,g__Azovibrio, f__Rhodocyclaceae
856,g__Lutibacterium, f__Erythrobacteraceae
857,g__Ammoniphilus, f__Paenibacillaceae
858,g__Brochothrix, f__Listeriaceae
859,g__Arenibacter, f__Flavobacteriaceae
860,g__Lampropedia, f__Comamonadaceae
861,g__Lutispora, f__Gracilibacteraceae
862,g__Chroococcus, f__Chroococcaceae
863,g__Paulinella, f__Synechococcaceae
864,g__Spongiibacter, f__Alteromonadaceae
865,g__Thiomonas, f__Comamonadaceae
866,g__Desulfonatronum, f__Desulfonatronumaceae
867,g__Ignatzschineria, f__Xanthomonadaceae
868,g__Oerskovia, f__Cellulomonadaceae
869,g__vadinCA02, f__Synergistaceae
870,g__Beijerinckia, f__Beijerinckiaceae
871,g__Candidatus Tammella, f__Synergistaceae
872,g__Dethiosulfatibacter, f__[Tissierellaceae]
873,g__Couchioplanes, f__Micromonosporaceae
874,g__Pleomorphomonas, f__Methylocystaceae
875,g__Solirubrobacter, f__Solirubrobacteraceae
876,g__Parachlamydia, f__Parachlamydiaceae
877,g__Cellulophaga, f__Flavobacteriaceae
878,g__BHB21, f__[Cloacamonaceae]
879,g__Psychroserpens, f__Flavobacteriaceae
880,g__Thermobispora, f__Pseudonocardiaceae
881,g__ANME-3, f__Methanosarcinaceae
882,g__Thiomicrospira, f__Piscirickettsiaceae
883,g__PD-UASB-13, f__Dethiosulfovibrionaceae
884,g__Gramella, f__Flavobacteriaceae
885,g__Erysipelothrix, f__Erysipelotrichaceae
886,g__Alkanindiges, f__Moraxellaceae
887,g__Sinorhizobium, f__Rhizobiaceae
888,g__Acidisoma, f__Acetobacteraceae
889,g__Desulfotignum, f__Desulfobacteraceae
890,g__Rhodovibrio, f__Rhodospirillaceae
891,g__Candidatus Cardinium, f__[Amoebophilaceae]
892,g__Mucispirillum, f__Deferribacteraceae
893,g__Gallibacterium, f__Pasteurellaceae
894,g__Acidianus, f__Sulfolobaceae
895,g__Pyrococcus, f__Thermococcaceae
896,g__Martelella, f__Aurantimonadaceae
897,g__Citricoccus, f__Micrococcaceae
898,g__Anaerobranca, f__Anaerobrancaceae
899,g__Rhodobium, f__Hyphomicrobiaceae
900,g__Desulfobulbus, f__Desulfobulbaceae
901,g__Marinilactibacillus, f__Aerococcaceae
902,g__Sulfolobus, f__Sulfolobaceae
903,g__Halolamina, f__Halobacteriaceae
904,g__Janibacter, f__Intrasporangiaceae
905,g__Kineosporia, f__Kineosporiaceae
906,g__Salisaeta, f__Rhodothermaceae
907,g__Desulfofrigus, f__Desulfobacteraceae
908,g__Beggiatoa, f__Thiotrichaceae
909,g__Roseobacter, f__Rhodobacteraceae
910,g__Pandoraea, f__Burkholderiaceae
911,g__A55_D21, f__Anaerobrancaceae
912,g__Methanogenium, f__Methanomicrobiaceae
913,g__Roseococcus, f__Acetobacteraceae
914,g__SHAG537, f__A714017
915,g__Rickettsia, f__Rickettsiaceae
916,g__Bellilinea, f__Anaerolinaceae
917,g__Sinomonas, f__Micrococcaceae
918,g__Defluvibacter, f__Phyllobacteriaceae
919,g__Pyrobaculum, f__Thermoproteaceae
920,g__Heliorestis, f__Heliobacteriaceae
921,g__Thioploca, f__Thiotrichaceae
922,g__Archaeoglobus, f__Archaeoglobaceae
923,g__Caldilinea, f__Caldilineaceae
924,g__Streptosporangium, f__Streptosporangiaceae
925,g__Streptobacillus, f__Leptotrichiaceae
926,g__Dehalococcoides, f__Dehalococcoidaceae
927,g__Thermosipho, f__Thermotogaceae
928,g__Rubricoccus, f__Rhodothermaceae
929,g__Aminobacter, f__Phyllobacteriaceae
930,g__Solwaraspora, f__Micromonosporaceae
931,g__Guggenheimella, f__[Acidaminobacteraceae]
932,g__02d06, f__Clostridiaceae
933,g__Caminibacter, f__Nautiliaceae
934,g__HAW-RM37, f__Spirochaetaceae
935,g__Owenweeksia, f__Cryomorphaceae
936,g__Cobetia, f__Halomonadaceae
937,g__KF-Gitt2-16, f__Anaerobrancaceae
938,g__Thalassobacillus, f__Bacillaceae
939,g__Terribacillus, f__Bacillaceae
940,g__Leptonema, f__Leptospiraceae
941,g__Haloplanus, f__Halobacteriaceae
942,g__Chromatium, f__Chromatiaceae
943,g__Azomonas, f__Pseudomonadaceae
944,g__Nitriliruptor, f__Nitriliruptoraceae
945,g__Salinisphaera, f__Salinisphaeraceae
946,g__Arcanobacterium, f__Actinomycetaceae
947,g__Haladaptatus, f__Halobacteriaceae
948,g__Tolumonas, f__Aeromonadaceae
949,g__Candidatus Methylacidiphilum, f__Methylacidiphilaceae
950,g__Caminicella, f__Clostridiaceae
951,g__ZA3312c, f__A714017
952,g__Microcystis, f__Microcystaceae
953,g__Candidatus Aquiluna, f__Microbacteriaceae
954,g__Flexibacter, f__Flammeovirgaceae
955,g__Planococcus, f__Planococcaceae
956,g__Zhihengliuella, f__Micrococcaceae
957,g__Halomicrobium, f__Halobacteriaceae
958,g__Flavihumibacter, f__Chitinophagaceae
959,g__Roseateles, f__Comamonadaceae
960,g__Labrys, f__Xanthobacteraceae
961,g__so4B24, f__A714017
962,g__Methanimicrococcus, f__Methanosarcinaceae
963,g__Mesonia, f__Flavobacteriaceae
964,g__Sharpea, f__Erysipelotrichaceae
965,g__Aphanizomenon, f__Nostocaceae
966,g__Desulfarculus, f__Desulfarculaceae
967,g__Flexistipes, f__Deferribacteraceae
968,g__Tsukamurella, f__Tsukamurellaceae
969,g__Cystobacter, f__Cystobacteraceae
970,g__Alicycliphilus, f__Comamonadaceae
971,g__Hahella, f__Hahellaceae
972,g__Dictyoglomus, f__Dictyoglomaceae
973,g__Methanomethylovorans, f__Methanosarcinaceae
974,g__heteroC45_4W, f__[Chthoniobacteraceae]
975,g__Propionigenium, f__Fusobacteriaceae
976,g__Patulibacter, f__Patulibacteraceae
977,g__Methanolinea, f__Methanoregulaceae
978,g__Ignavibacterium, f__Ignavibacteriaceae
979,g__Conexibacter, f__Conexibacteraceae
980,g__Colwellia, f__Colwelliaceae
981,g__Thiocystis, f__Chromatiaceae
982,g__Acidobacterium, f__Acidobacteriaceae
983,g__Acidisphaera, f__Acetobacteraceae
984,g__Prosthecochloris, f__Chlorobiaceae
985,g__Cenarchaeum, f__Cenarchaeaceae
986,g__Candidatus Cloacamonas, f__[Cloacamonaceae]
987,g__W22, f__[Cloacamonaceae]
988,g__CL0-1, f__Armatimonadaceae
989,g__G07, f__Veillonellaceae
990,g__Methylomonas, f__Methylococcaceae
991,g__Filifactor, f__Peptostreptococcaceae
992,g__Afipia, f__Bradyrhizobiaceae
993,g__Smithella, f__Syntrophaceae
994,g__Waddlia, f__Waddliaceae
995,g__Sporichthya, f__Sporichthyaceae
996,g__Fructobacillus, f__Leuconostocaceae
997,g__Hirschia, f__Hyphomonadaceae
998,g__Cryptosporangium, f__Cryptosporangiaceae
999,g__Sterolibacterium, f__Rhodocyclaceae
1000,g__Anaerobaculum, f__Anaerobaculaceae
1001,g__Lentisphaera, f__Lentisphaeraceae
1002,g__Procabacter, f__Procabacteriaceae
1003,g__Olivibacter, f__Sphingobacteriaceae
1004,g__Methanofollis, f__Methanomicrobiaceae
1005,g__Pseudaminobacter, f__Phyllobacteriaceae
1006,g__31d11, f__Spirochaetaceae
1007,g__DL1A-100, f__MSBL1
1008,g__Methylocella, f__Beijerinckiaceae
1009,g__u114, f__Fusobacteriaceae
1010,g__Thermosinus, f__Veillonellaceae
1011,g__AUTHM297, f__Thermotogaceae
1012,g__Vitreoscilla, f__Neisseriaceae
1013,g__Oligella, f__Alcaligenaceae
1014,g__TS34, f__Rhodocyclaceae
1015,g__SHD-14, f__Anaerolinaceae
1016,g__Desulfitobacter, f__Peptococcaceae
1017,g__Niigata-25, f__Peptococcaceae
1018,g__Luteibacter, f__Xanthomonadaceae
1019,g__Planktothricoides, f__Phormidiaceae
1020,g__Coxiella, f__Coxiellaceae
1021,g__Terrimonas, f__Chitinophagaceae
1022,g__Isosphaera, f__Isosphaeraceae
1023,g__Desulfonatronovibrio, f__Desulfohalobiaceae
1024,g__Ferroplasma, f__Picrophilaceae
1025,g__Halosimplex, f__Halobacteriaceae
1026,g__nsmpVI18, f__Alteromonadaceae
1027,g__Shimazuella, f__Thermoactinomycetaceae
1028,g__Saccharospirillum, f__Saccharospirillaceae
1029,g__Trueperella, f__Actinomycetaceae
1030,g__Dinoroseobacter, f__Rhodobacteraceae
1031,g__Arenimonas, f__Xanthomonadaceae
1032,g__Maricaulis, f__Hyphomonadaceae
1033,g__Desulfuromonas, f__Desulfuromonadaceae
1034,g__Thermogemmatispora, f__Thermogemmatisporaceae
1035,g__SC103, f__Thermotogaceae
1036,g__Collimonas, f__Oxalobacteraceae
1037,g__Aneurinibacillus, f__Paenibacillaceae
1038,g__Wautersiella, f__[Weeksellaceae]
1039,g__Propionispora, f__Veillonellaceae
1040,g__Pilimelia, f__Micromonosporaceae
1041,g__Candidatus Entotheonella, f__[Entotheonellaceae]
1042,g__Thiobacter, f__Thiobacteraceae
1043,g__Lentibacillus, f__Bacillaceae
1044,g__Prauseria, f__Nocardiopsaceae
1045,g__Neptunomonas, f__Oceanospirillaceae
1046,g__Kouleothrix, f__[Kouleothrixaceae]
1047,g__Denitrobacter, f__Alcaligenaceae
1048,g__209ZB06, f__Halobacteriaceae
1049,g__Geotoga, f__Thermotogaceae
1050,g__Chthonomonas, f__Chthonomonadaceae
1051,g__Ureaplasma, f__Mycoplasmataceae
1052,g__Macrococcus, f__Staphylococcaceae
1053,g__Blastococcus, f__Geodermatophilaceae
1054,g__Candidatus Magnetobacterium, f__[Thermodesulfovibrionaceae]
1055,g__Candidatus Microthrix, f__Microthrixaceae
1056,g__Swaminathania, f__Acetobacteraceae
1057,g__Aurantimonas, f__Aurantimonadaceae
1058,g__Caldithrix, f__Caldithrixaceae
1059,g__Xenococcus, f__Xenococcaceae
1060,g__Natronomonas, f__Halobacteriaceae
1061,g__ML110J-20, f__Saccharospirillaceae
1062,g__Natranaerobius, f__Natranaerobiaceae
1063,g__Giesbergeria, f__Comamonadaceae
1064,g__Pelagicoccus, f__[Pelagicoccaceae]
1065,g__Zhouia, f__Flavobacteriaceae
1066,g__Pectinatus, f__Veillonellaceae
1067,g__Nitrosospira, f__Nitrosomonadaceae
1068,g__Niastella, f__Chitinophagaceae
1069,g__Thermoactinomyces, f__Thermoactinomycetaceae
1070,g__Thermocladium, f__Thermoproteaceae
1071,g__Wohlfahrtiimonas, f__Xanthomonadaceae
1072,g__Arsenophonus, f__Enterobacteriaceae
1073,g__K82, f__Rhodocyclaceae
1074,g__Neorickettsia, f__Anaplasmataceae
1075,g__Blastochloris, f__Xanthobacteraceae
1076,g__Marinitoga, f__Thermotogaceae
1077,g__ND137, f__Alteromonadaceae
1078,g__Acidimicrobium, f__Acidimicrobiaceae
1079,g__Methyloversatilis, f__Rhodocyclaceae
1080,g__Methylobacillus, f__Methylophilaceae
1081,g__Azohydromonas, f__Comamonadaceae
1082,g__Parapedobacter, f__Sphingobacteriaceae
1083,g__Planifilum, f__Thermoactinomycetaceae
1084,g__Mitsuaria, f__Comamonadaceae
1085,g__Vulcanithermus, f__Thermaceae
1086,g__Novispirillum, f__Rhodospirillaceae
1087,g__Desulfuromusa, f__Desulfuromonadaceae
1088,g__Oscillochloris, f__Oscillochloridaceae
1089,g__Sagittula, f__Rhodobacteraceae
1090,g__Hydrocoleum, f__Phormidiaceae
1091,g__Laceyella, f__Thermoactinomycetaceae
1092,g__OR-59, f__[Chthoniobacteraceae]
1093,g__Bibersteinia, f__Pasteurellaceae
1094,g__Kytococcus, f__Intrasporangiaceae
1095,g__Haliangium, f__Haliangiaceae
1096,g__Methanosphaera, f__Methanobacteriaceae
1097,g__Natroniella, f__Halobacteroidaceae
1098,g__Methylomicrobium, f__Methylococcaceae
1099,g__Actinokineospora, f__Actinosynnemataceae
1100,g__Candidatus Contubernalis, f__Contubernalisaceae
1101,g__Halopelagius, f__Halobacteriaceae
1102,g__Corallococcus, f__Myxococcaceae
1103,g__W5, f__[Cloacamonaceae]
1104,g__Aeropyrum, f__Desulfurococcaceae
1105,g__Desulfofaba, f__Desulfobacteraceae
1106,g__E6, f__TTA_B6
1107,g__Spironema, f__[Borreliaceae]
1108,g__Turneriella, f__Leptospiraceae
1109,g__Anaeromusa, f__Veillonellaceae
1110,g__Brumimicrobium, f__Cryomorphaceae
1111,g__Halostagnicola, f__Halobacteriaceae
1112,g__Desulfacinum, f__Syntrophobacteraceae
1113,g__BE24, f__p-2534-18B5
1114,g__Cytophaga, f__Cytophagaceae
1115,g__Candidatus Acetothermum, f__[Acetothermaceae]
1116,g__Thiorhodococcus, f__Chromatiaceae
1117,g__Aquitalea, f__Neisseriaceae
1118,g__Candidatus Caldiarchaeum, f__[Caldiarchaceae]
1119,g__Halogranum, f__Halobacteriaceae
1120,g__Chloronema, f__Chloroflexaceae
1121,g__PW3, f__Rikenellaceae
1122,g__Lutimonas, f__Flavobacteriaceae
1123,g__Antarctobacter, f__Rhodobacteraceae
1124,g__Aquifex, f__Aquificaceae
1125,g__Palaeococcus, f__Thermococcaceae
1126,g__Thermoplasma, f__Picrophilaceae
1127,g__Saccharomonospora, f__Pseudonocardiaceae
1128,g__Candidatus Ancillula, f__Actinomycetaceae
1129,g__Crocosphaera, f__Cyanobacteriaceae
1130,g__Rhodospirillum, f__Rhodospirillaceae
1131,g__Tetrasphaera, f__Intrasporangiaceae
1132,g__Thermovenabulum, f__Thermoanaerobacterales Family III. Incertae Sedis
1133,g__Kurthia, f__Planococcaceae
1134,g__Persicobacter, f__Flammeovirgaceae
1135,g__Mesoplasma, f__Entomoplasmataceae
1136,g__Candidatus Jettenia, f__Brocadiaceae
1137,g__Tetrathiobacter, f__Alcaligenaceae
1138,g__Carboxydocella, f__Carboxydocellaceae
1139,g__Rarobacter, f__Rarobacteraceae
1140,g__Thermovirga, f__Thermovirgaceae
1141,g__ArcF12, f__Halobacteriaceae
1142,g__Oceanospirillum, f__Oceanospirillaceae
1143,g__N09, f__Actinomycetaceae
1144,g__Thiohalorhabdus, f__Thiohalorhabdaceae
1145,g__Edwardsiella, f__Enterobacteriaceae
1146,g__Denitratisoma, f__Rhodocyclaceae
1147,g__Actinocorallia, f__Thermomonosporaceae
1148,g__Deefgea, f__Neisseriaceae
1149,g__Thermohalobacter, f__Clostridiaceae
1150,g__Scardovia, f__Bifidobacteriaceae
1151,g__Citromicrobium, f__Erythrobacteraceae
1152,g__Candidatus Hamiltonella, f__Enterobacteriaceae
1153,g__Rudanella, f__Cytophagaceae
1154,g__Arthrospira, f__Caulobacteraceae
1155,g__Geitlerinema, f__Phormidiaceae
1156,g__Weeksella, f__[Weeksellaceae]
1157,g__Desulfurispirillum, f__Chrysiogenaceae
1158,g__Anaerobiospirillum, f__Succinivibrionaceae
1159,g__Algibacter, f__Flavobacteriaceae
1160,g__Candidatus Methylomirabilis, f__Methylomirabiliaceae
1161,g__Mannheimia, f__Pasteurellaceae
1162,g__Thiococcus, f__Chromatiaceae
1163,g__LP2A, f__Methylacidiphilaceae
1164,g__Chlorobium, f__Chlorobiaceae
1165,g__Thermodesulfatator, f__Thermodesulfobacteriaceae
1166,g__Singulisphaera, f__Isosphaeraceae
1167,g__Alkalibacter, f__Eubacteriaceae
1168,g__GA41, f__Halobacteriaceae
1169,g__Gloeotrichia, f__Nostocaceae
1170,g__Thermodesulfobium, f__Thermodesulfobiaceae
1171,g__Methanothermobacter, f__Methanobacteriaceae
1172,g__Candidatus Nitrosocaldus, f__Nitrosocaldaceae
1173,g__Vulcanisaeta, f__Thermoproteaceae
1174,g__Bombiscardovia, f__Bifidobacteriaceae
1175,g__Caldisericum, f__Caldisericaceae
1176,g__Ancylobacter, f__Xanthobacteraceae
1177,g__Deinobacterium, f__Deinococcaceae
1178,g__Oleomonas, f__Rhodospirillaceae
1179,g__Pelodictyon, f__Chlorobiaceae
1180,g__Xenophilus, f__Comamonadaceae
1181,g__Trichormus, f__Nostocaceae
1182,g__Shimia, f__Rhodobacteraceae
1183,g__Oceanithermus, f__Thermaceae
1184,g__Arsenicicoccus, f__Intrasporangiaceae
1185,g__Fulvimarina, f__Aurantimonadaceae
1186,g__Candidatus Chlorothrix, f__[Chlorothrixaceae]
1187,g__Entomoplasma, f__Entomoplasmataceae
1188,g__Chlamydia, f__Chlamydiaceae
1189,g__Acetohalobium, f__Halobacteroidaceae
1190,g__Aquimonas, f__Xanthomonadaceae
1191,g__Formosa, f__Flavobacteriaceae
1192,g__Desulfonauticus, f__Desulfohalobiaceae
1193,g__Ignicoccus, f__Desulfurococcaceae
1194,g__Renibacterium, f__Micrococcaceae
1195,g__Chelatococcus, f__Beijerinckiaceae
1196,g__Microvirgula, f__Neisseriaceae
1197,g__Mobiluncus, f__Actinomycetaceae
1198,g__Candidatus Korarchaeum, f__Korarchaeotaceae
1199,g__Geovibrio, f__Deferribacteraceae
1200,g__Chloroherpeton, f__[Chloroherpetaceae]
1201,g__R18-435, f__Deinococcaceae
1202,g__Microscilla, f__Cytophagaceae
1203,g__Ucs1325, f__[Amoebophilaceae]
1204,g__Methylonatrum, f__Ectothiorhodospiraceae
